abrilfatface/AbrilFatface-Regular.ttf
adventpro/AdventPro-Bold.ttf
adventpro/AdventPro-Medium.ttf
adventpro/AdventPro-Regular.ttf
adventpro/AdventPro-SemiBold.ttf
alegreyasans/AlegreyaSans-Black.ttf
alegreyasans/AlegreyaSans-BlackItalic.ttf
alegreyasans/AlegreyaSans-Bold.ttf
alegreyasans/AlegreyaSans-BoldItalic.ttf
alegreyasans/AlegreyaSans-ExtraBold.ttf
alegreyasans/AlegreyaSans-ExtraBoldItalic.ttf
alegreyasans/AlegreyaSans-Italic.ttf
alegreyasans/AlegreyaSans-Light.ttf
alegreyasans/AlegreyaSans-LightItalic.ttf
alegreyasans/AlegreyaSans-Medium.ttf
alegreyasans/AlegreyaSans-MediumItalic.ttf
alegreyasans/AlegreyaSans-Regular.ttf
alegreyasans/AlegreyaSans-Thin.ttf
alegreyasans/AlegreyaSans-ThinItalic.ttf
alegreyasanssc/AlegreyaSansSC-Black.ttf
alegreyasanssc/AlegreyaSansSC-BlackItalic.ttf
alegreyasanssc/AlegreyaSansSC-Bold.ttf
alegreyasanssc/AlegreyaSansSC-BoldItalic.ttf
alegreyasanssc/AlegreyaSansSC-ExtraBold.ttf
alegreyasanssc/AlegreyaSansSC-ExtraBoldItalic.ttf
alegreyasanssc/AlegreyaSansSC-Italic.ttf
alegreyasanssc/AlegreyaSansSC-Light.ttf
alegreyasanssc/AlegreyaSansSC-LightItalic.ttf
alegreyasanssc/AlegreyaSansSC-Medium.ttf
alegreyasanssc/AlegreyaSansSC-MediumItalic.ttf
alegreyasanssc/AlegreyaSansSC-Regular.ttf
alegreyasanssc/AlegreyaSansSC-Thin.ttf
alegreyasanssc/AlegreyaSansSC-ThinItalic.ttf
aller/Aller_Bd.ttf
aller/Aller_BdIt.ttf
aller/Aller_It.ttf
aller/Aller_Lt.ttf
aller/Aller_LtIt.ttf
aller/Aller_Rg.ttf
aller/AllerDisplay.ttf
amble/Amble-Bold.ttf
amble/Amble-BoldItalic.ttf
amble/Amble-Italic.ttf
amble/Amble-Light.ttf
amble/Amble-LightCondensed.ttf
amble/Amble-LightCondensedItalic.ttf
amble/Amble-LightItalic.ttf
amble/Amble-Regular.ttf
antonio/Antonio-Bold.ttf
antonio/Antonio-Light.ttf
antonio/Antonio-Regular.ttf
archivoblack/ArchivoBlack-Regular.ttf
archivonarrow/ArchivoNarrow-Bold.ttf
archivonarrow/ArchivoNarrow-BoldItalic.ttf
archivonarrow/ArchivoNarrow-Italic.ttf
archivonarrow/ArchivoNarrow-Regular.ttf
arimakoshi_dif/ArimaKoshi-Bold.ttf
arimakoshi_dif/ArimaKoshi-ExtraBold.ttf
arimakoshi_dif/ArimaKoshi-ExtraLight.ttf
arimakoshi_dif/ArimaKoshi-Light.ttf
arimakoshi_dif/ArimaKoshi-Medium.ttf
arimakoshi_dif/ArimaKoshi-SemiBold.ttf
arimakoshi_dif/ArimaKoshi-Thin.ttf
arimakoshi_dif/ArimaMadurai-Bold.ttf
arimakoshi_dif/ArimaMadurai-ExtraBold.ttf
arimakoshi_dif/ArimaMadurai-ExtraLight.ttf
arimakoshi_dif/ArimaMadurai-Light.ttf
arimakoshi_dif/ArimaMadurai-Medium.ttf
arimakoshi_dif/ArimaMadurai-Regular.ttf
arimakoshi_dif/ArimaMadurai-SemiBold.ttf
arimakoshi_dif/ArimaMadurai-Thin.ttf
arimo/Arimo-Bold.ttf
arimo/Arimo-BoldItalic.ttf
arimo/Arimo-Italic.ttf
arimo/Arimo-Regular.ttf
asap/Asap-Bold.ttf
asap/Asap-BoldItalic.ttf
asap/Asap-Italic.ttf
asap/Asap-Medium.ttf
asap/Asap-MediumItalic.ttf
asap/Asap-Regular.ttf
athabasca/athabasca-bd.ttf
athabasca/athabasca-bd-it.ttf
athabasca/athabasca-bk.ttf
athabasca/athabasca-bk-it.ttf
athabasca/athabasca-cd-bd.ttf
athabasca/athabasca-cd-bd-it.ttf
athabasca/athabasca-cd-bk.ttf
athabasca/athabasca-cd-bk-it.ttf
athabasca/athabasca-cd-eb.ttf
athabasca/athabasca-cd-eb-it.ttf
athabasca/athabasca-cd-el-it.ttf
athabasca/athabasca-cd-it.ttf
athabasca/athabasca-cd-lt.ttf
athabasca/athabasca-cd-lt-it.ttf
athabasca/athabasca-cd-rg.ttf
athabasca/athabasca-eb.ttf
athabasca/athabasca-eb-it.ttf
athabasca/athabasca-el.ttf
athabasca/athabasca-el-it.ttf
athabasca/athabasca-ex-bd.ttf
athabasca/athabasca-ex-bd-it.ttf
athabasca/athabasca-ex-bk.ttf
athabasca/athabasca-ex-bk-it.ttf
athabasca/athabasca-ex-eb.ttf
athabasca/athabasca-ex-eb-it.ttf
athabasca/athabasca-ex-el.ttf
athabasca/athabasca-ex-el-it.ttf
athabasca/athabasca-ex-it.ttf
athabasca/athabasca-ex-lt.ttf
athabasca/athabasca-ex-lt-it.ttf
athabasca/athabasca-ex-rg.ttf
athabasca/athabasca-it.ttf
athabasca/athabasca-lt.ttf
athabasca/athabasca-lt-it.ttf
athabasca/athabasca-rg.ttf
bellefair_dif/Bellefair-Regular.ttf
bevan/Bevan.ttf
cabin_dif/Cabin-Bold.ttf
cabin_dif/Cabin-BoldItalic.ttf
cabin_dif/Cabin-Italic.ttf
cabin_dif/Cabin-Medium.ttf
cabin_dif/Cabin-MediumItalic.ttf
cabin_dif/Cabin-Regular.ttf
cabin_dif/Cabin-SemiBold.ttf
cabin_dif/Cabin-SemiBoldItalic.ttf
cairomaster/Cairo-Black.ttf
cairomaster/Cairo-Bold.ttf
cairomaster/Cairo-ExtraLight.ttf
cairomaster/Cairo-Light.ttf
cairomaster/Cairo-Regular.ttf
cairomaster/Cairo-SemiBold.ttf
cantarell/Cantarell-Bold.ttf
cantarell/Cantarell-BoldOblique.ttf
cantarell/Cantarell-Oblique.ttf
cantarell/Cantarell-Regular.ttf
cardo/Cardo-Bold.ttf
cardo/Cardo-Italic.ttf
cardo/Cardo-Regular.ttf
changa/Changa-Black.ttf
changa/Changa-Bold.ttf
changa/Changa-ExtraBold.ttf
changa/Changa-ExtraLight.ttf
changa/Changa-Light.ttf
changa/Changa-Medium.ttf
changa/Changa-SemiBold.ttf
comfortaa/Comfortaa-Bold.ttf
comfortaa/Comfortaa-Light.ttf
comfortaa/Comfortaa-Regular.ttf
comme/Comme-Bold.ttf
comme/Comme-ExtraBold.ttf
comme/Comme-ExtraLight.ttf
comme/Comme-Heavy.ttf
comme/Comme-Light.ttf
comme/Comme-Medium.ttf
comme/Comme-Regular.ttf
comme/Comme-SemiBold.ttf
comme/Comme-Thin.ttf
cormorant_dif/CormorantGaramond-Bold.ttf
cormorant_dif/CormorantGaramond-BoldItalic.ttf
cormorant_dif/CormorantGaramond-Italic.ttf
cormorant_dif/CormorantGaramond-Light.ttf
cormorant_dif/CormorantGaramond-LightItalic.ttf
cormorant_dif/CormorantGaramond-Medium.ttf
cormorant_dif/CormorantGaramond-MediumItalic.ttf
cormorant_dif/CormorantGaramond-Regular.ttf
cormorant_dif/CormorantGaramond-SemiBold.ttf
cormorant_dif/CormorantGaramond-SemiBoldItalic.ttf
courgette/Courgette-Regular.ttf
creteround_dif/CreteRound-Italic.ttf
creteround_dif/CreteRound-Regular.ttf
cuprum/Cuprum-Bold.ttf
cuprum/Cuprum-BoldItalic.ttf
cuprum/Cuprum-Italic.ttf
cuprum/Cuprum-Regular.ttf
ekmukta/EkMukta-Bold.ttf
ekmukta/EkMukta-ExtraBold.ttf
ekmukta/EkMukta-ExtraLight.ttf
ekmukta/EkMukta-Light.ttf
ekmukta/EkMukta-Medium.ttf
ekmukta/EkMukta-Regular.ttf
ekmukta/EkMukta-SemiBold.ttf
firasans/FiraSans-Bold.ttf
firasans/FiraSans-BoldItalic.ttf
firasans/FiraSans-Book.ttf
firasans/FiraSans-BookItalic.ttf
firasans/FiraSans-Eight.ttf
firasans/FiraSans-EightItalic.ttf
firasans/FiraSans-ExtraBold.ttf
firasans/FiraSans-ExtraBoldItalic.ttf
firasans/FiraSans-ExtraLight.ttf
firasans/FiraSans-ExtraLightItalic.ttf
firasans/FiraSans-Four.ttf
firasans/FiraSans-FourItalic.ttf
firasans/FiraSans-Hair.ttf
firasans/FiraSans-HairItalic.ttf
firasans/FiraSans-Heavy.ttf
firasans/FiraSans-HeavyItalic.ttf
firasans/FiraSans-Italic.ttf
firasans/FiraSans-Light.ttf
firasans/FiraSans-LightItalic.ttf
firasans/FiraSans-Medium.ttf
firasans/FiraSans-MediumItalic.ttf
firasans/FiraSans-Regular.ttf
firasans/FiraSans-SemiBold.ttf
firasans/FiraSans-SemiBoldItalic.ttf
firasans/FiraSans-Thin.ttf
firasans/FiraSans-ThinItalic.ttf
firasans/FiraSans-Two.ttf
firasans/FiraSans-TwoItalic.ttf
firasans/FiraSans-Ultra.ttf
firasans/FiraSans-UltraItalic.ttf
firasans/FiraSans-UltraLight.ttf
firasans/FiraSans-UltraLightItalic.ttf
firasanscondensed/FiraSansExtraCondensed-Black.ttf
firasanscondensed/FiraSansExtraCondensed-BlackItalic.ttf
firasanscondensed/FiraSansExtraCondensed-Bold.ttf
firasanscondensed/FiraSansExtraCondensed-BoldItalic.ttf
firasanscondensed/FiraSansExtraCondensed-ExtraBold.ttf
firasanscondensed/FiraSansExtraCondensed-ExtraBoldItalic.ttf
firasanscondensed/FiraSansExtraCondensed-ExtraLight.ttf
firasanscondensed/FiraSansExtraCondensed-ExtraLightItalic.ttf
firasanscondensed/FiraSansExtraCondensed-Italic.ttf
firasanscondensed/FiraSansExtraCondensed-Light.ttf
firasanscondensed/FiraSansExtraCondensed-LightItalic.ttf
firasanscondensed/FiraSansExtraCondensed-Medium.ttf
firasanscondensed/FiraSansExtraCondensed-MediumItalic.ttf
firasanscondensed/FiraSansExtraCondensed-Regular.ttf
firasanscondensed/FiraSansExtraCondensed-SemiBold.ttf
firasanscondensed/FiraSansExtraCondensed-SemiBoldItalic.ttf
firasanscondensed/FiraSansExtraCondensed-Thin.ttf
firasanscondensed/FiraSansExtraCondensed-ThinItalic.ttf
francoisone/FrancoisOne.ttf
garamond_dif/EBGaramond08-Italic.ttf
garamond_dif/EBGaramond08-Regular.ttf
garamond_dif/EBGaramond12-AllSC.ttf
garamond_dif/EBGaramond12-Italic.ttf
garamond_dif/EBGaramond12-Regular.ttf
garamond_dif/EBGaramondSC08-Regular.ttf
garamond_dif/EBGaramondSC12-Regular.ttf
hind/Hind-Bold.ttf
hind/Hind-Light.ttf
hind/Hind-Medium.ttf
hind/Hind-Regular.ttf
hind/Hind-Semibold.ttf
inconsolata/Inconsolata-Bold.ttf
inconsolata/Inconsolata-Regular.ttf
josefinsans/JosefinSans-Bold.ttf
josefinsans/JosefinSans-BoldItalic.ttf
josefinsans/JosefinSans-Italic.ttf
josefinsans/JosefinSans-Light.ttf
josefinsans/JosefinSans-LightItalic.ttf
josefinsans/JosefinSans-Regular.ttf
josefinsans/JosefinSans-SemiBold.ttf
josefinsans/JosefinSans-SemiBoldItalic.ttf
josefinsans/JosefinSans-Thin.ttf
josefinsans/JosefinSans-ThinItalic.ttf
kalam/Kalam-Bold.ttf
kalam/Kalam-Light.ttf
kalam/Kalam-Regular.ttf
kanit_dif/Kanit-Black.ttf
kanit_dif/Kanit-BlackItalic.ttf
kanit_dif/Kanit-Bold.ttf
kanit_dif/Kanit-BoldItalic.ttf
kanit_dif/Kanit-ExtraBold.ttf
kanit_dif/Kanit-ExtraBoldItalic.ttf
kanit_dif/Kanit-ExtraLight.ttf
kanit_dif/Kanit-ExtraLightItalic.ttf
kanit_dif/Kanit-Italic.ttf
kanit_dif/Kanit-Light.ttf
kanit_dif/Kanit-LightItalic.ttf
kanit_dif/Kanit-Medium.ttf
kanit_dif/Kanit-MediumItalic.ttf
kanit_dif/Kanit-Regular.ttf
kanit_dif/Kanit-SemiBold.ttf
kanit_dif/Kanit-SemiBoldItalic.ttf
kanit_dif/Kanit-Thin.ttf
kanit_dif/Kanit-ThinItalic.ttf
khand/Khand-Bold.ttf
khand/Khand-Light.ttf
khand/Khand-Medium.ttf
khand/Khand-Regular.ttf
khand/Khand-SemiBold.ttf
lastwaerk/Lastwaerk-black.ttf
lastwaerk/Lastwaerk-blackoblique.ttf
lastwaerk/Lastwaerk-bold.ttf
lastwaerk/Lastwaerk-boldoblique.ttf
lastwaerk/Lastwaerk-lightoblique.ttf
lastwaerk/Lastwaerk-regular.ttf
lastwaerk/Lastwaerk-regularoblique.ttf
lato/Lato-Black.ttf
lato/Lato-BlackItalic.ttf
lato/Lato-Bold.ttf
lato/Lato-BoldItalic.ttf
lato/Lato-HairlineItalic.ttf
lato/Lato-Heavy.ttf
lato/Lato-HeavyItalic.ttf
lato/Lato-Italic.ttf
lato/Lato-Light.ttf
lato/Lato-LightItalic.ttf
lato/Lato-Medium.ttf
lato/Lato-MediumItalic.ttf
lato/Lato-Regular.ttf
lato/Lato-Semibold.ttf
lato/Lato-SemiboldItalic.ttf
lato/Lato-ThinItalic.ttf
lemonada_dif/Lemonada-Bold.ttf
lemonada_dif/Lemonada-Light.ttf
lemonada_dif/Lemonada-Regular.ttf
lemonada_dif/Lemonada-SemiBold.ttf
librebaskerville_dif/LibreBaskerville-Bold.ttf
librebaskerville_dif/LibreBaskerville-Italic.ttf
librebaskerville_dif/LibreBaskerville-Regular.ttf
librefranklin/LibreFranklin-Black.ttf
librefranklin/LibreFranklin-BlackItalic.ttf
librefranklin/LibreFranklin-Bold.ttf
librefranklin/LibreFranklin-BoldItalic.ttf
librefranklin/LibreFranklin-ExtraBold.ttf
librefranklin/LibreFranklin-ExtraBoldItalic.ttf
librefranklin/LibreFranklin-ExtraLight.ttf
librefranklin/LibreFranklin-ExtraLightItalic.ttf
librefranklin/LibreFranklin-Italic.ttf
librefranklin/LibreFranklin-Light.ttf
librefranklin/LibreFranklin-LightItalic.ttf
librefranklin/LibreFranklin-Medium.ttf
librefranklin/LibreFranklin-MediumItalic.ttf
librefranklin/LibreFranklin-Regular.ttf
librefranklin/LibreFranklin-SemiBold.ttf
librefranklin/LibreFranklin-SemiBoldItalic.ttf
librefranklin/LibreFranklin-Thin.ttf
librefranklin/LibreFranklin-ThinItalic.ttf
lobster/Lobster.ttf
lora_dif/Lora-Bold.ttf
lora_dif/Lora-BoldItalic.ttf
lora_dif/Lora-Italic.ttf
lora_dif/Lora-Regular.ttf
martelsans/MartelSans-Black.ttf
martelsans/MartelSans-Bold.ttf
martelsans/MartelSans-ExtraBold.ttf
martelsans/MartelSans-ExtraLight.ttf
martelsans/MartelSans-Light.ttf
martelsans/MartelSans-Regular.ttf
martelsans/MartelSans-SemiBold.ttf
maryjane/MaryJane1.ttf
maryjane/MaryJane4.ttf
maryjane/MaryJane5.ttf
maryjane/MaryJane7.ttf
maryjane/MaryJane9.ttf
maryjane/MaryJane11.ttf
merriweathersans/MerriweatherSans-Bold.ttf
merriweathersans/MerriweatherSans-BoldItalic.ttf
merriweathersans/MerriweatherSans-ExtraBold.ttf
merriweathersans/MerriweatherSans-ExtraBoldItalic.ttf
merriweathersans/MerriweatherSans-Italic.ttf
merriweathersans/MerriweatherSans-Light.ttf
merriweathersans/MerriweatherSans-LightItalic.ttf
merriweathersans/MerriweatherSans-Regular.ttf
mesmerize/mesmerize-bd.ttf
mesmerize/mesmerize-bd-it.ttf
mesmerize/mesmerize-bk.ttf
mesmerize/mesmerize-bk-it.ttf
mesmerize/mesmerize-cd-bd.ttf
mesmerize/mesmerize-cd-bd-it.ttf
mesmerize/mesmerize-cd-bk.ttf
mesmerize/mesmerize-cd-bk-it.ttf
mesmerize/mesmerize-cd-eb.ttf
mesmerize/mesmerize-cd-eb-it.ttf
mesmerize/mesmerize-cd-el-it.ttf
mesmerize/mesmerize-cd-lt.ttf
mesmerize/mesmerize-cd-lt-it.ttf
mesmerize/mesmerize-cd-rg.ttf
mesmerize/mesmerize-cd-rg-it.ttf
mesmerize/mesmerize-cd-sb.ttf
mesmerize/mesmerize-cd-sb-it.ttf
mesmerize/mesmerize-cd-ul-it.ttf
mesmerize/mesmerize-eb.ttf
mesmerize/mesmerize-eb-it.ttf
mesmerize/mesmerize-el-it.ttf
mesmerize/mesmerize-ex-bd.ttf
mesmerize/mesmerize-ex-bd-it.ttf
mesmerize/mesmerize-ex-bk.ttf
mesmerize/mesmerize-ex-bk-it.ttf
mesmerize/mesmerize-ex-eb.ttf
mesmerize/mesmerize-ex-eb-it.ttf
mesmerize/mesmerize-ex-el-it.ttf
mesmerize/mesmerize-ex-lt.ttf
mesmerize/mesmerize-ex-lt-it.ttf
mesmerize/mesmerize-ex-rg.ttf
mesmerize/mesmerize-ex-rg-it.ttf
mesmerize/mesmerize-ex-sb.ttf
mesmerize/mesmerize-ex-sb-it.ttf
mesmerize/mesmerize-ex-ul-it.ttf
mesmerize/mesmerize-lt.ttf
mesmerize/mesmerize-lt-it.ttf
mesmerize/mesmerize-rg.ttf
mesmerize/mesmerize-rg-it.ttf
mesmerize/mesmerize-sb.ttf
mesmerize/mesmerize-sb-it.ttf
mesmerize/mesmerize-sc-bd.ttf
mesmerize/mesmerize-sc-bd-it.ttf
mesmerize/mesmerize-sc-bk.ttf
mesmerize/mesmerize-sc-bk-it.ttf
mesmerize/mesmerize-sc-eb.ttf
mesmerize/mesmerize-sc-eb-it.ttf
mesmerize/mesmerize-sc-el.ttf
mesmerize/mesmerize-sc-el-it.ttf
mesmerize/mesmerize-sc-lt.ttf
mesmerize/mesmerize-sc-lt-it.ttf
mesmerize/mesmerize-sc-rg.ttf
mesmerize/mesmerize-sc-rg-it.ttf
mesmerize/mesmerize-sc-sb.ttf
mesmerize/mesmerize-sc-sb-it.ttf
mesmerize/mesmerize-sc-ul-it.ttf
mesmerize/mesmerize-se-bd.ttf
mesmerize/mesmerize-se-bd-it.ttf
mesmerize/mesmerize-se-bk.ttf
mesmerize/mesmerize-se-bk-it.ttf
mesmerize/mesmerize-se-eb.ttf
mesmerize/mesmerize-se-eb-it.ttf
mesmerize/mesmerize-se-el-it.ttf
mesmerize/mesmerize-se-lt.ttf
mesmerize/mesmerize-se-lt-it.ttf
mesmerize/mesmerize-se-rg.ttf
mesmerize/mesmerize-se-rg-it.ttf
mesmerize/mesmerize-se-sb.ttf
mesmerize/mesmerize-se-sb-it.ttf
mesmerize/mesmerize-se-ul-it.ttf
mesmerize/mesmerize-ul-it.ttf
monda/Monda-Bold.ttf
monda/Monda-Light.ttf
monda/Monda-Regular.ttf
montserrat_dif/MontserratAlternates-Black.ttf
montserrat_dif/MontserratAlternates-BlackItalic.ttf
montserrat_dif/MontserratAlternates-Bold.ttf
montserrat_dif/MontserratAlternates-BoldItalic.ttf
montserrat_dif/MontserratAlternates-ExtraBold.ttf
montserrat_dif/MontserratAlternates-ExtraBoldItalic.ttf
montserrat_dif/MontserratAlternates-ExtraLight.ttf
montserrat_dif/MontserratAlternates-ExtraLightItalic.ttf
montserrat_dif/MontserratAlternates-Italic.ttf
montserrat_dif/MontserratAlternates-Light.ttf
montserrat_dif/MontserratAlternates-LightItalic.ttf
montserrat_dif/MontserratAlternates-Medium.ttf
montserrat_dif/MontserratAlternates-MediumItalic.ttf
montserrat_dif/MontserratAlternates-Regular.ttf
montserrat_dif/MontserratAlternates-SemiBold.ttf
montserrat_dif/MontserratAlternates-SemiBoldItalic.ttf
montserrat_dif/MontserratAlternates-Thin.ttf
montserrat_dif/MontserratAlternates-ThinItalic.ttf
muli/Muli-Black.ttf
muli/Muli-BlackItalic.ttf
muli/Muli-Bold.ttf
muli/Muli-BoldItalic.ttf
muli/Muli-ExtraBold.ttf
muli/Muli-ExtraBoldItalic.ttf
muli/Muli-ExtraLight.ttf
muli/Muli-ExtraLightItalic.ttf
muli/Muli-Italic.ttf
muli/Muli-Light.ttf
muli/Muli-LightItalic.ttf
muli/Muli-Regular.ttf
muli/Muli-SemiBold.ttf
muli/Muli-SemiBoldItalic.ttf
neuton_dif/NeutonCursive-Regular.ttf
neuton_dif/Neuton-Extrabold.ttf
neuton_dif/Neuton-Extralight.ttf
neuton_dif/Neuton-Italic.ttf
neuton_dif/Neuton-Light.ttf
neuton_dif/Neuton-Regular.ttf
newscycle/newscycle-bold.ttf
newscycle/newscycle-regular.ttf
nk57monospace/nk57-monospace-cd-bd.ttf
nk57monospace/nk57-monospace-cd-bd-it.ttf
nk57monospace/nk57-monospace-cd-bk.ttf
nk57monospace/nk57-monospace-cd-bk-it.ttf
nk57monospace/nk57-monospace-cd-eb.ttf
nk57monospace/nk57-monospace-cd-eb-it.ttf
nk57monospace/nk57-monospace-cd-lt-it.ttf
nk57monospace/nk57-monospace-cd-rg.ttf
nk57monospace/nk57-monospace-cd-rg-it.ttf
nk57monospace/nk57-monospace-cd-sb.ttf
nk57monospace/nk57-monospace-cd-sb-it.ttf
nk57monospace/nk57-monospace-ex-bd.ttf
nk57monospace/nk57-monospace-ex-bd-it.ttf
nk57monospace/nk57-monospace-ex-eb.ttf
nk57monospace/nk57-monospace-ex-eb-it.ttf
nk57monospace/nk57-monospace-ex-lt-it.ttf
nk57monospace/nk57-monospace-ex-rg.ttf
nk57monospace/nk57-monospace-ex-rg-it.ttf
nk57monospace/nk57-monospace-ex-sb.ttf
nk57monospace/nk57-monospace-ex-sb-it.ttf
nk57monospace/nk57-monospace-no-bd.ttf
nk57monospace/nk57-monospace-no-bd-it.ttf
nk57monospace/nk57-monospace-no-bk.ttf
nk57monospace/nk57-monospace-no-bk-it.ttf
nk57monospace/nk57-monospace-no-eb.ttf
nk57monospace/nk57-monospace-no-eb-it.ttf
nk57monospace/nk57-monospace-no-lt-it.ttf
nk57monospace/nk57-monospace-no-rg.ttf
nk57monospace/nk57-monospace-no-rg-it.ttf
nk57monospace/nk57-monospace-no-sb.ttf
nk57monospace/nk57-monospace-no-sb-it.ttf
nk57monospace/nk57-monospace-sc-bd.ttf
nk57monospace/nk57-monospace-sc-bd-it.ttf
nk57monospace/nk57-monospace-sc-bk.ttf
nk57monospace/nk57-monospace-sc-bk-it.ttf
nk57monospace/nk57-monospace-sc-eb.ttf
nk57monospace/nk57-monospace-sc-eb-it.ttf
nk57monospace/nk57-monospace-sc-lt-it.ttf
nk57monospace/nk57-monospace-sc-rg.ttf
nk57monospace/nk57-monospace-sc-rg-it.ttf
nk57monospace/nk57-monospace-sc-sb.ttf
nk57monospace/nk57-monospace-sc-sb-it.ttf
nk57monospace/nk57-monospace-se-bd.ttf
nk57monospace/nk57-monospace-se-bd-it.ttf
nk57monospace/nk57-monospace-se-bk.ttf
nk57monospace/nk57-monospace-se-bk-it.ttf
nk57monospace/nk57-monospace-se-eb.ttf
nk57monospace/nk57-monospace-se-eb-it.ttf
nk57monospace/nk57-monospace-se-lt-it.ttf
nk57monospace/nk57-monospace-se-rg.ttf
nk57monospace/nk57-monospace-se-rg-it.ttf
nk57monospace/nk57-monospace-se-sb.ttf
nk57monospace/nk57-monospace-se-sb-it.ttf
nobile/Nobile-Bold.ttf
nobile/Nobile-BoldItalic.ttf
nobile/Nobile-Italic.ttf
nobile/Nobile-Medium.ttf
nobile/Nobile-MediumItalic.ttf
nobile/Nobile-Regular.ttf
noticia_dif/NoticiaText-Bold.ttf
noticia_dif/NoticiaText-BoldItalic.ttf
noticia_dif/NoticiaText-Italic.ttf
noticia_dif/NoticiaText-Regular.ttf
noto_dif/NotoSerif-Bold.ttf
noto_dif/NotoSerif-BoldItalic.ttf
noto_dif/NotoSerif-Italic.ttf
noto_dif/NotoSerif-Regular.ttf
notosans/NotoSans-Bold.ttf
notosans/NotoSans-BoldItalic.ttf
notosans/NotoSans-Italic.ttf
notosans/NotoSans-Regular.ttf
nunitosans/NunitoSans-Black.ttf
nunitosans/NunitoSans-BlackItalic.ttf
nunitosans/NunitoSans-Bold.ttf
nunitosans/NunitoSans-BoldItalic.ttf
nunitosans/NunitoSans-ExtraBold.ttf
nunitosans/NunitoSans-ExtraBoldItalic.ttf
nunitosans/NunitoSans-ExtraLight.ttf
nunitosans/NunitoSans-ExtraLightItalic.ttf
nunitosans/NunitoSans-Italic.ttf
nunitosans/NunitoSans-Light.ttf
nunitosans/NunitoSans-LightItalic.ttf
nunitosans/NunitoSans-Regular.ttf
nunitosans/NunitoSans-Semibold.ttf
nunitosans/NunitoSans-SemiBoldItalic.ttf
opensans/OpenSans-Bold.ttf
opensans/OpenSans-BoldItalic.ttf
opensans/OpenSans-ExtraBold.ttf
opensans/OpenSans-ExtraBoldItalic.ttf
opensans/OpenSans-Italic.ttf
opensans/OpenSans-Light.ttf
opensans/OpenSans-LightItalic.ttf
opensans/OpenSans-Regular.ttf
opensans/OpenSans-Semibold.ttf
opensans/OpenSans-SemiboldItalic.ttf
opensanscondensed/OpenSans-CondBold.ttf
opensanscondensed/OpenSans-CondLight.ttf
opensanscondensed/OpenSans-CondLightItalic.ttf
oswald/Oswald-Bold.ttf
oswald/Oswald-BoldItalic.ttf
oswald/Oswald-DemiBold.ttf
oswald/Oswald-Demi-BoldItalic.ttf
oswald/Oswald-ExtraLight.ttf
oswald/Oswald-Extra-LightItalic.ttf
oswald/Oswald-Heavy.ttf
oswald/Oswald-HeavyItalic.ttf
oswald/Oswald-Light.ttf
oswald/Oswald-LightItalic.ttf
oswald/Oswald-Medium.ttf
oswald/Oswald-MediumItalic.ttf
oswald/Oswald-Regular.ttf
oswald/Oswald-RegularItalic.ttf
oswald/Oswald-Stencil.ttf
oxygen/Oxygen-Bold.ttf
oxygen/Oxygen-Light.ttf
oxygen/Oxygen-Regular.ttf
patrickhand/PatrickHand-Regular.ttf
patrickhand/PatrickHandSC-Regular.ttf
philosopher/Philosopher-Bold.ttf
philosopher/Philosopher-BoldItalic.ttf
philosopher/Philosopher-Italic.ttf
philosopher/Philosopher-Regular.ttf
play/Play-Bold.ttf
play/Play-Regular.ttf
playfairdisplay_dif/PlayfairDisplay-Black.ttf
playfairdisplay_dif/PlayfairDisplay-BlackItalic.ttf
playfairdisplay_dif/PlayfairDisplay-Bold.ttf
playfairdisplay_dif/PlayfairDisplay-BoldItalic.ttf
playfairdisplay_dif/PlayfairDisplay-Italic.ttf
playfairdisplay_dif/PlayfairDisplay-Regular.ttf
playfairdisplaysc_dif/PlayfairDisplaySC-Black.ttf
playfairdisplaysc_dif/PlayfairDisplaySC-BlackItalic.ttf
playfairdisplaysc_dif/PlayfairDisplaySC-Bold.ttf
playfairdisplaysc_dif/PlayfairDisplaySC-BoldItalic.ttf
playfairdisplaysc_dif/PlayfairDisplaySC-Italic.ttf
playfairdisplaysc_dif/PlayfairDisplaySC-Regular.ttf
poppins/Poppins-Bold.ttf
poppins/Poppins-Light.ttf
poppins/Poppins-Medium.ttf
poppins/Poppins-Regular.ttf
poppins/Poppins-SemiBold.ttf
pridi_dif/Pridi-300.ttf
pridi_dif/Pridi-400.ttf
pridi_dif/Pridi-500.ttf
pridi_dif/Pridi-600.ttf
pridi_dif/Pridi-700.ttf
prompt/Prompt-Black.ttf
prompt/Prompt-BlackItalic.ttf
prompt/Prompt-Bold.ttf
prompt/Prompt-BoldItalic.ttf
prompt/Prompt-ExtraBold.ttf
prompt/Prompt-ExtraBoldItalic.ttf
prompt/Prompt-ExtraLight.ttf
prompt/Prompt-ExtraLightItalic.ttf
prompt/Prompt-Italic.ttf
prompt/Prompt-Light.ttf
prompt/Prompt-LightItalic.ttf
prompt/Prompt-Medium.ttf
prompt/Prompt-MediumItalic.ttf
prompt/Prompt-Regular.ttf
prompt/Prompt-SemiBold.ttf
prompt/Prompt-SemiBoldItalic.ttf
prompt/Prompt-Thin.ttf
prompt/Prompt-ThinItalic.ttf
prozalibre_dif/ProzaLibre-Bold.ttf
prozalibre_dif/ProzaLibre-BoldItalic.ttf
prozalibre_dif/ProzaLibre-ExtraBold.ttf
prozalibre_dif/ProzaLibre-ExtraBoldItalic.ttf
prozalibre_dif/ProzaLibre-Italic.ttf
prozalibre_dif/ProzaLibre-Light.ttf
prozalibre_dif/ProzaLibre-LightItalic.ttf
prozalibre_dif/ProzaLibre-Medium.ttf
prozalibre_dif/ProzaLibre-MediumItalic.ttf
prozalibre_dif/ProzaLibre-SemiBold.ttf
prozalibre_dif/ProzaLibre-SemiBoldItalic.ttf
pt_dif/PTF55F.ttf
pt_dif/PTF56F.ttf
pt_dif/PTF75F.ttf
pt_dif/PTF76F.ttf
pt_dif/PTZ55F.ttf
pt_dif/PTZ56F.ttf
ptsans/PTC55F.ttf
ptsans/PTC75F.ttf
ptsans/PTN57F.ttf
ptsans/PTN77F.ttf
ptsans/PTS55F.ttf
ptsans/PTS56F.ttf
ptsans/PTS75F.ttf
ptsans/PTS76F.ttf
quando_dif/Quando-Regular.ttf
quicksand/Quicksand-Bold.ttf
quicksand/Quicksand-Light.ttf
quicksand/Quicksand-Medium.ttf
quicksand/Quicksand-Regular.ttf
rajdhani/Rajdhani-Bold.ttf
rajdhani/Rajdhani-Light.ttf
rajdhani/Rajdhani-Medium.ttf
rajdhani/Rajdhani-Regular.ttf
rajdhani/Rajdhani-SemiBold.ttf
rakesly/rakesly-bd.ttf
rakesly/rakesly-bd-it.ttf
rakesly/rakesly-bk.ttf
rakesly/rakesly-bk-it.ttf
rakesly/rakesly-el-it.ttf
rakesly/rakesly-lt.ttf
rakesly/rakesly-lt-it.ttf
rakesly/rakesly-rg.ttf
rakesly/rakesly-rg-it.ttf
rakesly/rakesly-ul-it.ttf
raleway/Raleway-Black.ttf
raleway/Raleway-BlackItalic.ttf
raleway/Raleway-Bold.ttf
raleway/Raleway-BoldItalic.ttf
raleway/Raleway-ExtraBold.ttf
raleway/Raleway-ExtraBoldItalic.ttf
raleway/Raleway-ExtraLight.ttf
raleway/Raleway-ExtraLightItalic.ttf
raleway/Raleway-Italic.ttf
raleway/Raleway-Light.ttf
raleway/Raleway-LightItalic.ttf
raleway/Raleway-Medium.ttf
raleway/Raleway-MediumItalic.ttf
raleway/Raleway-Regular.ttf
raleway/Raleway-SemiBold.ttf
raleway/Raleway-SemiBoldItalic.ttf
raleway/Raleway-Thin.ttf
raleway/Raleway-ThinItalic.ttf
ralewaycursiv/Raleway-Black.ttf
ralewaycursiv/Raleway-BlackItalic.ttf
ralewaycursiv/Raleway-Bold.ttf
ralewaycursiv/Raleway-BoldItalic.ttf
ralewaycursiv/Raleway-ExtraBold.ttf
ralewaycursiv/Raleway-ExtraBoldItalic.ttf
ralewaycursiv/Raleway-ExtraLight.ttf
ralewaycursiv/Raleway-ExtraLightItalic.ttf
ralewaycursiv/Raleway-Italic.ttf
ralewaycursiv/Raleway-Light.ttf
ralewaycursiv/Raleway-LightItalic.ttf
ralewaycursiv/Raleway-Medium.ttf
ralewaycursiv/Raleway-MediumItalic.ttf
ralewaycursiv/Raleway-Regular.ttf
ralewaycursiv/Raleway-SemiBold.ttf
ralewaycursiv/Raleway-SemiBoldItalic.ttf
ralewaycursiv/Raleway-Thin.ttf
ralewaycursiv/Raleway-ThinItalic.ttf
righteous/Righteous-Regular.ttf
roboto/Roboto-Black.ttf
roboto/Roboto-BlackItalic.ttf
roboto/Roboto-Bold.ttf
roboto/Roboto-BoldCondensed.ttf
roboto/Roboto-BoldCondensedItalic.ttf
roboto/Roboto-BoldItalic.ttf
roboto/Roboto-Condensed.ttf
roboto/Roboto-CondensedItalic.ttf
roboto/Roboto-Italic.ttf
roboto/Roboto-Light.ttf
roboto/Roboto-LightItalic.ttf
roboto/Roboto-Medium.ttf
roboto/Roboto-MediumItalic.ttf
roboto/Roboto-Regular.ttf
roboto/Roboto-Thin.ttf
roboto/Roboto-ThinItalic.ttf
robotoslab_dif/RobotoSlab-Bold.ttf
robotoslab_dif/RobotoSlab-Light.ttf
robotoslab_dif/RobotoSlab-Regular.ttf
robotoslab_dif/RobotoSlab-Thin.ttf
robotothin/Roboto-Black.ttf
robotothin/Roboto-BlackItalic.ttf
robotothin/Roboto-Bold.ttf
robotothin/Roboto-BoldCondensed.ttf
robotothin/Roboto-BoldCondensedItalic.ttf
robotothin/Roboto-BoldItalic.ttf
robotothin/Roboto-Condensed.ttf
robotothin/Roboto-CondensedItalic.ttf
robotothin/Roboto-Italic.ttf
robotothin/Roboto-Light.ttf
robotothin/Roboto-LightItalic.ttf
robotothin/Roboto-Medium.ttf
robotothin/Roboto-MediumItalic.ttf
robotothin/Roboto-Regular.ttf
robotothin/Roboto-Thin.ttf
robotothin/Roboto-ThinItalic.ttf
rubik/Rubik-Black.ttf
rubik/Rubik-BlackItalic.ttf
rubik/Rubik-Bold.ttf
rubik/Rubik-BoldItalic.ttf
rubik/Rubik-Italic.ttf
rubik/Rubik-Light.ttf
rubik/Rubik-LightItalic.ttf
rubik/Rubik-Medium.ttf
rubik/Rubik-MediumItalic.ttf
rubik/Rubik-Regular.ttf
sansation/Sansation_Bold.ttf
sansation/Sansation_Bold_Italic.ttf
sansation/Sansation_Italic.ttf
sansation/Sansation_Light.ttf
sansation/Sansation_Light_Italic.ttf
sansation/Sansation_Regular.ttf
scada/Scada-Bold.ttf
scada/Scada-BoldItalic.ttf
scada/Scada-Italic.ttf
scada/Scada-Regular.ttf
shrikhand/Shrikhand-Regular.ttf
source_dif/SourceSerifPro-Bold.ttf
source_dif/SourceSerifPro-Regular.ttf
source_dif/SourceSerifPro-Semibold.ttf
taviraj_dif/Taviraj-Black.ttf
taviraj_dif/Taviraj-BlackItalic.ttf
taviraj_dif/Taviraj-Bold.ttf
taviraj_dif/Taviraj-BoldItalic.ttf
taviraj_dif/Taviraj-DemiBold.ttf
taviraj_dif/Taviraj-DemiBoldItalic.ttf
taviraj_dif/Taviraj-ExtraBold.ttf
taviraj_dif/Taviraj-ExtraBoldItalic.ttf
taviraj_dif/Taviraj-ExtraLight.ttf
taviraj_dif/Taviraj-ExtraLightItalic.ttf
taviraj_dif/Taviraj-Italic.ttf
taviraj_dif/Taviraj-Light.ttf
taviraj_dif/Taviraj-LightItalic.ttf
taviraj_dif/Taviraj-Medium.ttf
taviraj_dif/Taviraj-MediumItalic.ttf
taviraj_dif/Taviraj-Regular.ttf
taviraj_dif/Taviraj-Thin.ttf
taviraj_dif/Taviraj-ThinItalic.ttf
teko/Teko-Bold.ttf
teko/Teko-Light.ttf
teko/Teko-Medium.ttf
teko/Teko-Regular.ttf
teko/Teko-SemiBold.ttf
terminaldosis/TerminalDosis-Bold.ttf
terminaldosis/TerminalDosis-ExtraBold.ttf
terminaldosis/TerminalDosis-ExtraLight.ttf
terminaldosis/TerminalDosis-Light.ttf
terminaldosis/TerminalDosis-Medium.ttf
terminaldosis/TerminalDosis-Regular.ttf
terminaldosis/TerminalDosis-SemiBold.ttf
tinos_dif/Tinos-Bold.ttf
tinos_dif/Tinos-BoldItalic.ttf
tinos_dif/Tinos-Italic.ttf
tinos_dif/Tinos-Regular.ttf
trirong_dif/Trirong-Black.ttf
trirong_dif/Trirong-BlackItalic.ttf
trirong_dif/Trirong-DemiBold.ttf
trirong_dif/Trirong-DemiBoldItalic.ttf
trirong_dif/Trirong-ExtraBold.ttf
trirong_dif/Trirong-ExtraBoldItalic.ttf
trirong_dif/Trirong-ExtraLight.ttf
trirong_dif/Trirong-ExtraLightItalic.ttf
trirong_dif/Trirong-Italic.ttf
trirong_dif/Trirong-Light.ttf
trirong_dif/Trirong-LightItalic.ttf
ubuntu/Ubuntu-B.ttf
ubuntu/Ubuntu-BI.ttf
ubuntu/Ubuntu-C.ttf
ubuntu/Ubuntu-L.ttf
ubuntu/Ubuntu-LI.ttf
ubuntu/Ubuntu-M.ttf
ubuntu/Ubuntu-MI.ttf
ubuntu/UbuntuMono-B.ttf
ubuntu/UbuntuMono-BI.ttf
ubuntu/UbuntuMono-R.ttf
ubuntu/UbuntuMono-RI.ttf
ubuntu/Ubuntu-R.ttf
ubuntu/Ubuntu-RI.ttf
ubuntucursiv/Ubuntu-B.ttf
ubuntucursiv/Ubuntu-BI.ttf
ubuntucursiv/Ubuntu-C.ttf
ubuntucursiv/Ubuntu-L.ttf
ubuntucursiv/Ubuntu-LI.ttf
ubuntucursiv/Ubuntu-M.ttf
ubuntucursiv/Ubuntu-MI.ttf
ubuntucursiv/UbuntuMono-B.ttf
ubuntucursiv/UbuntuMono-BI.ttf
ubuntucursiv/UbuntuMono-R.ttf
ubuntucursiv/UbuntuMono-RI.ttf
ubuntucursiv/Ubuntu-R.ttf
ubuntucursiv/Ubuntu-RI.ttf
villeray_dif/Villeray-Black.ttf
villeray_dif/Villeray-BlackItalic.ttf
villeray_dif/Villeray-Bold.ttf
villeray_dif/Villeray-BoldItalic.ttf
villeray_dif/Villeray-Italic.ttf
villeray_dif/Villeray-Light.ttf
villeray_dif/Villeray-LightItalic.ttf
villeray_dif/Villeray-Medium.ttf
villeray_dif/Villeray-MediumItalic.ttf
villeray_dif/Villeray-Regular.ttf
villeray_dif/VillerayRounded-Black.ttf
villeray_dif/VillerayRounded-BlackItalic.ttf
villeray_dif/VillerayRounded-Bold.ttf
villeray_dif/VillerayRounded-BoldItalic.ttf
villeray_dif/VillerayRounded-Italic.ttf
villeray_dif/VillerayRounded-Light.ttf
villeray_dif/VillerayRounded-LightItalic.ttf
villeray_dif/VillerayRounded-Medium.ttf
villeray_dif/VillerayRounded-MediumItalic.ttf
villeray_dif/VillerayRounded-Regular.ttf
villeray_dif/VillerayRounded-Semilight.ttf
villeray_dif/VillerayRounded-SemilightItalic.ttf
villeray_dif/VillerayRounded-ThinItalic.ttf
villeray_dif/VillerayRounded-UltraBold.ttf
villeray_dif/VillerayRounded-UltraBoldItalic.ttf
villeray_dif/Villeray-Semilight.ttf
villeray_dif/Villeray-SemilightItalic.ttf
villeray_dif/Villeray-ThinItalic.ttf
villeray_dif/Villeray-UltraBold.ttf
villeray_dif/Villeray-UltraBoldItalic.ttf
yanone/YanoneKaffeesatz-Bold.ttf
yanone/YanoneKaffeesatz-Regular.ttf
